<?xml version="1.0" encoding="UTF-8"?>

<mule xmlns:http="http://www.mulesoft.org/schema/mule/http" xmlns:twitter="http://www.mulesoft.org/schema/mule/twitter" xmlns="http://www.mulesoft.org/schema/mule/core" xmlns:doc="http://www.mulesoft.org/schema/mule/documentation"
	xmlns:spring="http://www.springframework.org/schema/beans" version="EE-3.6.1"
	xmlns:xsi="http://www.w3.org/2001/XMLSchema-instance"
	xsi:schemaLocation="http://www.springframework.org/schema/beans http://www.springframework.org/schema/beans/spring-beans-current.xsd
http://www.mulesoft.org/schema/mule/core http://www.mulesoft.org/schema/mule/core/current/mule.xsd
http://www.mulesoft.org/schema/mule/http http://www.mulesoft.org/schema/mule/http/current/mule-http.xsd
http://www.mulesoft.org/schema/mule/twitter http://www.mulesoft.org/schema/mule/twitter/current/mule-twitter.xsd">
    <http:listener-config name="HTTP_Listener_Configuration" host="0.0.0.0" port="8081" doc:name="HTTP Listener Configuration"/>
    <twitter:config name="Twitter" accessKey="2598097280-9YUXTenemAAn2mQoZQc8v3w8v1nHGyYkBvTXFGF" accessSecret="22eDPTKKRCaADqSbhzQZIwNCu2obCH4TlFVATWvLkWNNt" consumerKey="eA4VkDY598p37VEiLX0Dem8Bo" consumerSecret="aaUBdQVErBz6GIevQsnKpYV9MB9iQVeuNowsy1oqnpnggANxy4" doc:name="Twitter"/>
    <flow name="twitter-demoFlow">
        <http:listener config-ref="HTTP_Listener_Configuration" path="/tweet" doc:name="HTTP"/>
        <logger level="INFO" doc:name="Logger"/>
        <twitter:update-status config-ref="Twitter" status="Demo" doc:name="Twitter"/>
        <logger message="Done!" level="INFO" doc:name="Logger"/>
        <set-payload value="Success" doc:name="Set Payload"/>
    </flow>
</mule>
